,0
A,Diagnostics & Research
AA,Aluminum
AACT,Shell Companies
AAIC,REIT - Mortgage
AAIC-P-B,
AAIC-P-C,
AAIC-PB,REIT - Mortgage
AAIC-PC,REIT - Mortgage
AAIN,
AAMC,Mortgage Finance
AAN,Rental & Leasing Services
AAP,Specialty Retail
AAT,REIT - Diversified
AAU,Gold
AB,Asset Management
ABBV,Drug Manufacturers - General
ABEV,Beverages - Brewers
ABG,Auto & Truck Dealerships
ABM,Specialty Business Services
ABR,REIT - Mortgage
ABR-PD,REIT - Mortgage
ABR-PE,REIT - Mortgage
ABR-PF,REIT - Mortgage
ABT,Medical Devices
AC,Asset Management
ACA,Engineering & Construction
ACCO,Business Equipment & Supplies
ACEL,Gambling
ACHR,Aerospace & Defense
ACI,Grocery Stores
ACM,Engineering & Construction
ACN,Information Technology Services
ACP-PA,
ACR,REIT - Mortgage
ACR-PC,REIT - Mortgage
ACR-PD,REIT - Mortgage
ACRE,REIT - Mortgage
ACRO,Shell Companies
ACRO-WT,
ACU,Household & Personal Products
ADC,REIT - Retail
ADCT,Biotechnology
ADEX,Shell Companies
ADEX-WT,
ADM,Farm Products
ADNT,Auto Parts
ADRT,Shell Companies
ADT,Security & Protection Services
ADVE,
AE,Oil & Gas Refining & Marketing
AEE,Utilities - Regulated Electric
AEF,Asset Management
AEFC,Other
AEG,Insurance - Diversified
AEL,Insurance - Life
AEL-PA,Insurance - Life
AEM,Gold
AENZ,Engineering & Construction
AEO,Apparel Retail
AEON,Biotechnology
AEON-WT,
AER,Rental & Leasing Services
AES,Utilities - Diversified
AESI,Oil & Gas Equipment & Services
AETH,
AEVA,Software - Infrastructure
AEVA-WT,
AFG,Insurance - Property & Casualty
AFGB,
AFGC,
AFGD,
AFGE,Insurance
AFL,Insurance - Life
AG,Silver
AGCO,Farm & Heavy Construction Machinery
AGE,Biotechnology
AGGH,
AGI,Gold
AGL,Medical Care Facilities
AGM,Credit Services
AGM-A,Credit Services
AGM-PC,Credit Services
AGM-PD,Credit Services
AGM-PE,Credit Services
AGM-PF,Credit Services
AGM-PG,Credit Services
AGO,Insurance - Specialty
AGR,Utilities - Regulated Electric
AGRO,Farm Products
AGS,Gambling
AGTI,Health Information Services
AGX,Engineering & Construction
AHH,REIT - Diversified
AHH-PA,REIT - Diversified
AHL-PC,Insurance - Property & Casualty
AHL-PD,Insurance - Property & Casualty
AHL-PE,Insurance - Property & Casualty
AHLT,
AHT,REIT - Hotel & Motel
AHT-PD,REIT - Hotel & Motel
AHT-PF,REIT - Hotel & Motel
AHT-PG,REIT - Hotel & Motel
AHT-PH,REIT - Hotel & Motel
AHT-PI,REIT - Hotel & Motel
AI,Software - Application
AIC,Investment Banking & Investment Services
AIDB,
AIG,Insurance - Diversified
AIG-PA,Insurance - Diversified
AIM,Biotechnology
AIN,Textile Manufacturing
AINC,Asset Management
AIR,Aerospace & Defense
AIRC,REIT - Residential
AIRI,Aerospace & Defense
AIT,Industrial Distribution
AIU,Education & Training Services
AIV,REIT - Residential
AIZ,Insurance - Specialty
AIZN,
AJG,Insurance Brokers
AJX,REIT - Mortgage
AJXA, REIT - Mortgage
AKA,Internet Retail
AKO-A,Beverages - Non-Alcoholic
AKO-B,Beverages - Non-Alcoholic
AKR,REIT - Retail
AL,Rental & Leasing Services
AL-PA,Rental & Leasing Services
ALB,Specialty Chemicals
ALC,Medical Instruments & Supplies
ALCC,Shell Companies
ALE,Utilities - Diversified
ALEX,REIT - Retail
ALG,Farm & Heavy Construction Machinery
ALIT,Software - Application
ALK,Airlines
ALL,Insurance - Property & Casualty
ALL-P-J,
ALL-PB,
ALL-PH,Insurance - Property & Casualty
ALL-PI,Insurance - Property & Casualty
ALL-PJ,Insurance - Property & Casualty
ALLE,Security & Protection Services
ALLG,Specialty Retail
ALLY,Credit Services
ALSN,Auto Parts
ALTG,Rental & Leasing Services
ALTG-PA,Rental & Leasing Services
ALUR,Medical Devices
ALUR-WT,
ALV,Auto Parts
ALX,REIT - Retail
AM,Oil & Gas Midstream
AMAX,
AMBC,Insurance - Specialty
AMBI,Waste Management
AMBO,Education & Training Services
AMBP,Packaging & Containers
AMC,Entertainment
AMCR,Packaging & Containers
AME,Specialty Industrial Machinery
AMG,Asset Management
AMH,REIT - Residential
AMH-P-G,
AMH-P-H,
AMH-PG,REIT - Residential
AMH-PH,REIT - Residential
AMK,Asset Management
AMN,Medical Care Facilities
AMP,Asset Management
AMPD,
AMPE,Biotechnology
AMPS,Utilities - Renewable
AMPX,Electrical Equipment & Parts
AMPY,Oil & Gas E&P
AMR,Coking Coal
AMRC,Engineering & Construction
AMRX,
AMS,Medical Care Facilities
AMT,REIT - Specialty
AMTB,Banks - Regional
AMTD,Asset Management
AMWL,Health Information Services
AMX,Telecom Services
AN,Auto & Truck Dealerships
ANET,Computer Hardware
ANF,Apparel Retail
ANVS,Biotechnology
AOMR,REIT - Mortgage
AON,Insurance Brokers
AORT,Medical Devices
AOS,Specialty Industrial Machinery
AP,Metal Fabrication
APAM,Asset Management
APCA,Shell Companies
APCB,
APD,Specialty Chemicals
APG,Engineering & Construction
APH,Electronic Components
APIE,
APLE,REIT - Hotel & Motel
APMU,
APO,Asset Management
APO-PA,Asset Management
APOS,
APT,Building Products & Equipment
APTV,Auto Parts
APUE,
AQN,Utilities - Renewable
AQNB,
AR,Oil & Gas E&P
ARC,Specialty Business Services
ARCH,Coking Coal
ARCO,Restaurants
ARE,REIT - Office
AREN,Internet Content & Information
ARES,Asset Management
ARGD,Other
ARI,REIT - Mortgage
ARIS,Utilities - Regulated Water
ARL,Real Estate - Development
ARLO,Building Products & Equipment
ARMK,Specialty Business Services
ARMN,Gold
ARMP,Biotechnology
AROC,Oil & Gas Equipment & Services
ARR,REIT - Mortgage
ARR-PC,REIT - Mortgage
ARW,Electronics & Computer Distribution
ASA,Asset Management
ASAI,Grocery Stores
ASAN,Software - Application
ASB,Banks - Regional
ASB-PE,Banks - Regional
ASB-PF,Banks - Regional
ASBA,
ASC,Marine Shipping
ASGI,
ASGN,Information Technology Services
ASH,Specialty Chemicals
ASIA,
ASIX,Chemicals
ASM,Other Precious Metals & Mining
ASPN,Building Products & Equipment
ASR,Airports & Air Services
ASX,Semiconductors
ASXC,Medical Devices
ATCO-PD,Asset Management
ATCO-PH,Asset Management
ATEK,Shell Companies
ATEN,Software - Infrastructure
ATGE,Education & Training Services
ATH-P-E,
ATH-PA,Insurance - Diversified
ATH-PB,Insurance - Diversified
ATH-PC,Insurance - Diversified
ATH-PD,Insurance - Diversified
ATH-PE,Insurance - Diversified
ATHM,Internet Content & Information
ATI,Metal Fabrication
ATIP,Medical Care Facilities
ATKR,Electrical Equipment & Parts
ATMU,Pollution & Treatment Controls
ATNM,Biotechnology
ATO,Utilities - Regulated Gas
ATR,Medical Instruments & Supplies
ATS,Specialty Industrial Machinery
ATUS,Telecom Services
AU,Gold
AUB,Banks - Regional
AUB-P-A,
AUB-PA,
AUBAP, Banks - Regional
AULT,Aerospace & Defense
AULT-P-D,
AULT-PD,
AUMN,Other Precious Metals & Mining
AUST,Gold
AVA,Utilities - Diversified
AVAL,Banks - Regional
AVB,REIT - Residential
AVD,Agricultural Inputs
AVNS,Medical Devices
AVNT,Specialty Chemicals
AVTR,Specialty Chemicals
AVY,Packaging & Containers
AWI,Building Products & Equipment
AWK,Utilities - Regulated Water
AWR,Utilities - Regulated Water
AWX,Waste Management
AX,Banks - Regional
AXAC,Shell Companies
AXL,Auto Parts
AXP,Credit Services
AXR,Real Estate - Development
AXS,Insurance - Specialty
AXS-PE,Insurance - Specialty
AXTA,Specialty Chemicals
AYI,Electrical Equipment & Parts
AYX,Software - Application
AZEK,Building Products & Equipment
AZO,Specialty Retail
AZTR,Biotechnology
AZUL,Airlines
AZZ,Specialty Business Services
B,Specialty Industrial Machinery
BA,Aerospace & Defense
BABA,Internet Retail
BAC,Banks - Diversified
BAC-P-Q,
BAC-PB,Banks - Diversified
BAC-PE,Banks - Diversified
BAC-PK,Banks - Diversified
BAC-PL,Banks - Diversified
BAC-PM,Banks - Diversified
BAC-PN,Banks - Diversified
BAC-PO,Banks - Diversified
BAC-PP,Banks - Diversified
BAC-PS,Banks - Diversified
BACA,Shell Companies
BAH,Consulting Services
BAK,Chemicals
BALL,Packaging & Containers
BALY,Resorts & Casinos
BAM,Asset Management
BANC,Banks - Regional
BANC-P-F,
BAP,Banks - Regional
BARK,Specialty Retail
BATL,Oil & Gas E&P
BAX,Medical Instruments & Supplies
BB,Software - Infrastructure
BBAI,Information Technology Services
BBAR,Banks - Regional
BBD,Banks - Regional
BBDC,Asset Management
BBDO,Banks - Regional
BBU,Conglomerates
BBUC,Asset Management
BBVA,Banks - Diversified
BBW,Specialty Retail
BBWI,Specialty Retail
BBY,Specialty Retail
BC,Recreational Vehicles
BC-PA,Other
BC-PB,Other
BC-PC,Other
BCAT,
BCC,Building Materials
BCE,Telecom Services
BCH,Banks - Regional
BCO,Security & Protection Services
BCS,Banks - Diversified
BCSF,Asset Management
BCV,Asset Management
BCV-PA,
BDC,Communication Equipment
BDL,Restaurants
BDN,REIT - Office
BDVG,
BDX,Medical Instruments & Supplies
BE,Electrical Equipment & Parts
BEDU,Education & Training Services
BEEP,Infrastructure Operations
BEKE,Real Estate Services
BEN,Asset Management
BEP,Utilities - Renewable
BEP-PA,Utilities - Renewable
BEPC,Utilities - Renewable
BEPH,
BEPI,
BERY,Packaging & Containers
BEST,Trucking
BETE,
BETH,
BETR,Mortgage Finance
BF-A,Beverages - Wineries & Distilleries
BF-B,Beverages - Wineries & Distilleries
BFAC,Shell Companies
BFAM,Personal Services
BFH,Credit Services
BFIX,
BFK,Asset Management
BFLY,Medical Devices
BFS,REIT - Retail
BFS-PD,REIT - Retail
BFS-PE,REIT - Retail
BFX,Leisure
BFZ,Asset Management
BG,Farm Products
BGI,Luxury Goods
BGIG,
BGR,Asset Management
BGS,Packaged Foods
BGSF,Staffing & Employment Services
BH,Restaurants
BH-A,Restaurants
BHB,Banks - Regional
BHC,Drug Manufacturers - Specialty & Generic
BHE,Electronic Components
BHG,Healthcare Plans
BHIL,Agricultural Inputs
BHK,Asset Management
BHLB,Banks - Regional
BHM,REIT - Residential
BHP,Other Industrial Metals & Mining
BHR,REIT - Hotel & Motel
BHR-PB,REIT - Hotel & Motel
BHR-PD,REIT - Hotel & Motel
BHV,Asset Management
BHVN,Biotechnology
BIG,Discount Stores
BIGZ,Asset Management
BILL,Software - Application
BIO,Medical Devices
BIO-B,Medical Devices
BIP,Utilities - Diversified
BIP-PA,Utilities - Diversified
BIP-PB,Utilities - Diversified
BIPC,Utilities - Regulated Gas
BIPH,Medical Instruments & Supplies
BIPI,
BIRK,Footwear & Accessories
BIT,Asset Management
BITE,Shell Companies
BJ,Discount Stores
BK,Asset Management
BKD,Medical Care Facilities
BKDT,
BKE,Apparel Retail
BKH,Utilities - Diversified
BKKT,Software - Infrastructure
BKKT-WT,
BKN,Asset Management
BKSY,Scientific & Technical Instruments
BKTI,Communication Equipment
BKU,Banks - Regional
BLCO,Medical Instruments & Supplies
BLD,Engineering & Construction
BLDR,Building Products & Equipment
BLE,Asset Management
BLK,Asset Management
BLND,Software - Application
BLUA,Shell Companies
BLW,Asset Management
BLX,Banks - Regional
BMA,Banks - Regional
BMAC,Shell Companies
BME,Asset Management
BMEZ,
BMI,Scientific & Technical Instruments
BML-PG,Banks - Diversified
BML-PH,Banks - Diversified
BML-PJ,Banks - Diversified
BML-PL,Banks - Diversified
BMO,Banks - Diversified
BMTX,Software - Application
BMTX-WT,
BMY,Drug Manufacturers - General
BN,Asset Management
BNED,Specialty Retail
BNH,
BNJ,Investment Banking & Investment Services
BNL,REIT - Diversified
BNRE,Insurance - Reinsurance
BNRE-A,Insurance - Reinsurance
BNS,Banks - Diversified
BNY,Asset Management
BOC,Advertising Agencies
BODY,Internet Content & Information
BOH,Banks - Regional
BOH-PA,Banks - Regional
BOOT,Apparel Retail
BORR,Oil & Gas Drilling
BOWL,Leisure
BOX,Software - Infrastructure
BP,Oil & Gas Integrated
BPT,Oil & Gas Midstream
BQ,Specialty Retail
BR,Information Technology Services
BRBR,Packaged Foods
BRBS,Banks - Regional
BRC,Security & Protection Services
BRCC,Packaged Foods
BRD,Shell Companies
BRDG,Asset Management
BRDS,Rental & Leasing Services
BRFS,Packaged Foods
BRK-A,Insurance - Diversified
BRK-B,Insurance - Diversified
BRN,Oil & Gas E&P
BRO,Insurance Brokers
BROS,Restaurants
BRSP,REIT - Mortgage
BRT,REIT - Residential
BRX,REIT - Retail
BSAC,Banks - Regional
BSBR,Banks - Regional
BSIG,Asset Management
BSM,Oil & Gas E&P
BSTZ,Asset Management
BSX,Medical Devices
BTA,Asset Management
BTCM,Information Technology Services
BTE,Oil & Gas E&P
BTG,Gold
BTI,Tobacco
BTR,
BTT,Asset Management
BTTR,Packaged Foods
BTU,Thermal Coal
BTZ,Asset Management
BUD,Beverages - Brewers
BUI,Asset Management
BUR,Asset Management
BURL,Apparel Retail
BURU,Specialty Industrial Machinery
BUXX,
BV,Specialty Business Services
BVH,Resorts & Casinos
BVN,Other Precious Metals & Mining
BW,Specialty Industrial Machinery
BW-PA,Specialty Industrial Machinery
BWA,Auto Parts
BWNB,
BWSN,
BWXT,Aerospace & Defense
BX,Asset Management
BXC,Industrial Distribution
BXMT,REIT - Mortgage
BXP,REIT - Office
BXSL,Asset Management
BY,Banks - Regional
BYD,Resorts & Casinos
BYM,Asset Management
BYN,Shell Companies
BYN-UN,Shell Companies
BZH,Residential Construction
C,Banks - Diversified
C-PJ,Banks - Diversified
C-PN,Other
CAAP,Airports & Air Services
CABO,Telecom Services
CACI,Information Technology Services
CADE,Banks - Regional
CAE,Aerospace & Defense
CAG,Packaged Foods
CAH,Medical Distribution
CAL,Apparel Retail
CALX,Software - Application
CAML,
CANF,Biotechnology
CANG,Auto & Truck Dealerships
CANO,Medical Care Facilities
CAPL,Oil & Gas Refining & Marketing
CARR,Building Products & Equipment
CARS,Auto & Truck Dealerships
CARU,
CAT,Farm & Heavy Construction Machinery
CATO,Apparel Retail
CATX,Medical Devices
CAVA,Restaurants
CB,Insurance - Property & Casualty
CBD,Department Stores
CBL,REIT - Retail
CBRE,Real Estate Services
CBT,Specialty Chemicals
CBU,Banks - Regional
CBZ,Specialty Business Services
CC,Specialty Chemicals
CCEL,Medical Care Facilities
CCI,REIT - Specialty
CCIA,
CCJ,Uranium
CCK,Packaging & Containers
CCL,Travel Services
CCM,Medical Care Facilities
CCO,Advertising Agencies
CCRD,Software - Application
CCS,Residential Construction
CCU,Beverages - Brewers
CCVI,Shell Companies
CCZ,
CDAY,Software - Application
CDE,Gold
CDLR-W,
CDP,REIT - Office
CDR-PB,REIT - Retail
CDR-PC,REIT - Retail
CDRE,Aerospace & Defense
CE,Chemicals
CEI,Oil & Gas E&P
CEIX,Thermal Coal
CEPU,Utilities - Regulated Electric
CET,Asset Management
CEV,Asset Management
CF,Agricultural Inputs
CFG,Banks - Regional
CFG-PD,Banks - Regional
CFG-PE,Banks - Regional
CFR,Banks - Regional
CFR-PB,Banks - Regional
CGA,Agricultural Inputs
CGAU,Gold
CHAA,Shell Companies
CHAT,
CHCT,REIT - Healthcare Facilities
CHD,Household & Personal Products
CHE,Medical Care Facilities
CHGG,Education & Training Services
CHH,Lodging
CHMI,REIT - Mortgage
CHMI-PA,REIT - Mortgage
CHMI-PB,REIT - Mortgage
CHPT,Specialty Retail
CHS,Apparel Retail
CHT,Telecom Services
CHWY,Internet Retail
CI,Healthcare Plans
CIA,Insurance - Life
CIB,Banks - Regional
CIEN,Communication Equipment
CIG,Utilities - Diversified
CIG-C,Utilities - Diversified
CIM,REIT - Mortgage
CIM-PA,REIT - Mortgage
CIM-PB,REIT - Mortgage
CIM-PC,REIT - Mortgage
CIM-PD,REIT - Mortgage
CINT,Software - Infrastructure
CIO,REIT - Office
CIO-PA,REIT - Office
CION,Asset Management
CIVI,Oil & Gas E&P
CIX,Security & Protection Services
CKX,Oil & Gas E&P
CL,Household & Personal Products
CLB,Oil & Gas Equipment & Services
CLCO,Oil & Gas Midstream
CLDI,Biotechnology
CLDT,REIT - Hotel & Motel
CLDT-PA,REIT - Hotel & Motel
CLF,Steel
CLH,Waste Management
CLIA,
CLIP,
CLOX,
CLPR,REIT - Residential
CLS,Electronic Components
CLVT,Information Technology Services
CLVT-PA,Information Technology Services
CLW,Paper & Paper Products
CLX,Household & Personal Products
CM,Banks - Diversified
CMA,Banks - Regional
CMC,Steel
CMCL,Gold
CMCM,Internet Content & Information
CMG,Restaurants
CMI,Specialty Industrial Machinery
CMP,Other Industrial Metals & Mining
CMRE,Marine Shipping
CMRE-PB,Marine Shipping
CMRE-PC,Marine Shipping
CMRE-PD,Marine Shipping
CMRE-PE,Marine Shipping
CMS,Utilities - Regulated Electric
CMS-PB,Utilities - Regulated Electric
CMS-PC,Utilities - Regulated Electric
CMSA,Multiline Utilities
CMSC,Multiline Utilities
CMSD,Multiline Utilities
CMT,Specialty Chemicals
CMTG,REIT - Mortgage
CMU,Asset Management
CNA,Insurance - Property & Casualty
CNC,Healthcare Plans
CNDA,Shell Companies
CNDB,Shell Companies
CNF,Mortgage Finance
CNHI,Farm & Heavy Construction Machinery
CNI,Railroads
CNK,Entertainment
CNM,Industrial Distribution
CNMD,Medical Devices
CNNE,Restaurants
CNO,Insurance - Life
CNO-PA,
CNP,Utilities - Regulated Electric
CNQ,Oil & Gas E&P
CNS,Asset Management
CNX,Oil & Gas E&P
CODI,Conglomerates
CODI-PA,Conglomerates
CODI-PB,Conglomerates
CODI-PC,Conglomerates
COE,Education & Training Services
COF,Credit Services
COF-PI,Credit Services
COF-PJ,Credit Services
COF-PK,Credit Services
COF-PL,Credit Services
COHN,Capital Markets
COHR,Scientific & Technical Instruments
COLD,REIT - Industrial
COMP,Real Estate Services
COOK,"Furnishings, Fixtures & Appliances"
COP,Oil & Gas E&P
COR,Medical Distribution
CORR,REIT - Specialty
CORR-PA,REIT - Specialty
COTY,Household & Personal Products
COUR,Education & Training Services
CP,Railroads
CPA,Airlines
CPAC,Building Materials
CPB,Packaged Foods
CPE,Oil & Gas E&P
CPF,Banks - Regional
CPG,Oil & Gas E&P
CPHI,Drug Manufacturers - Specialty & Generic
CPK,Utilities - Regulated Gas
CPNG,Internet Retail
CPRI,Luxury Goods
CPS,Auto Parts
CPT,REIT - Residential
CPTK,Shell Companies
CQP,Oil & Gas Midstream
CR,Specialty Industrial Machinery
CRBG,Asset Management
CRC,Oil & Gas E&P
CRD-A,Insurance Brokers
CRD-B,Insurance Brokers
CRGY,Oil & Gas E&P
CRH,Building Materials
CRI,Apparel Retail
CRK,Oil & Gas E&P
CRL,Diagnostics & Research
CRM,Software - Application
CRS,Metal Fabrication
CRT,Oil & Gas E&P
CSAN,Oil & Gas Refining & Marketing
CSL,Building Products & Equipment
CSMD,
CSR,REIT - Residential
CSR-PC,REIT - Residential
CSTA,Shell Companies
CSTM,Aluminum
CSV,Personal Services
CTA-PA,Agricultural Inputs
CTA-PB,Agricultural Inputs
CTBB,
CTDD,
CTGO,Gold
CTLT,Drug Manufacturers - Specialty & Generic
CTM,Information Technology Services
CTO,REIT - Diversified
CTO-PA,REIT - Diversified
CTOS,Rental & Leasing Services
CTRA,Oil & Gas E&P
CTRE,REIT - Healthcare Facilities
CTS,Electronic Components
CTV,Advertising Agencies
CTVA,Agricultural Inputs
CUBB,
CUBE,REIT - Industrial
CUBI,Banks - Regional
CUBI-PE,Banks - Regional
CUBI-PF,Banks - Regional
CUBT,Biotechnology
CUK,Leisure
CULP,Textile Manufacturing
CURO,Credit Services
CURV,Apparel Retail
CUZ,REIT - Office
CVE,Oil & Gas Integrated
CVEO,Specialty Business Services
CVI,Oil & Gas Refining & Marketing
CVII,Shell Companies
CVM,Biotechnology
CVNA,Auto & Truck Dealerships
CVR,Tools & Accessories
CVS,Healthcare Plans
CVU,Aerospace & Defense
CVX,Oil & Gas Integrated
CW,Aerospace & Defense
CWAN,Software - Application
CWC,
CWEN,Utilities - Renewable
CWEN-A,Utilities - Renewable
CWH,Auto & Truck Dealerships
CWK,Real Estate Services
CWT,Utilities - Regulated Water
CX,Building Materials
CXE,Asset Management
CXH,Asset Management
CXM,Software - Application
CXT,Specialty Industrial Machinery
CXW,Security & Protection Services
CYBN,Biotechnology
CYD,Auto Parts
CYH,Medical Care Facilities
CZOO,Auto & Truck Dealerships
D,Utilities - Regulated Electric
DAC,Marine Shipping
DAL,Airlines
DAN,Auto Parts
DAO,Education & Training Services
DAR,Packaged Foods
DARP,
DAVA,Software - Infrastructure
DB,Banks - Regional
DBD,Software - Application
DBI,Footwear & Accessories
DBRG,Real Estate Services
DBRG-PH,Real Estate Services
DBRG-PI,Real Estate Services
DBRG-PJ,Real Estate Services
DC,Gold
DC-WT,
DCI,Specialty Industrial Machinery
DCO,Aerospace & Defense
DCSX,Information Technology Services
DD,Specialty Chemicals
DDC,Packaged Foods
DDD,Computer Hardware
DDL,Grocery Stores
DDS,Department Stores
DDT,
DE,Farm & Heavy Construction Machinery
DEA,REIT - Office
DEC,Oil & Gas E&P
DECK,Footwear & Accessories
DEI,REIT - Office
DELL,Computer Hardware
DEO,Beverages - Wineries & Distilleries
DESP,Travel Services
DFH,Residential Construction
DFIN,Capital Markets
DFS,Credit Services
DG,Discount Stores
DGX,Diagnostics & Research
DHI,Residential Construction
DHR,Diagnostics & Research
DHT,Oil & Gas Midstream
DHX,Software - Application
DIN,Restaurants
DINO,Oil & Gas Refining & Marketing
DIS,Entertainment
DIT,Food Distribution
DK,Oil & Gas Refining & Marketing
DKL,Oil & Gas Refining & Marketing
DKS,Specialty Retail
DLA,Apparel Manufacturing
DLB,Specialty Business Services
DLNG,Oil & Gas Midstream
DLNG-PA,Other
DLNG-PB,Oil & Gas Midstream
DLR,REIT - Specialty
DLR-PJ,REIT - Specialty
DLR-PK,REIT - Specialty
DLR-PL,REIT - Specialty
DLX,Advertising Agencies
DM,Computer Hardware
DMF,Asset Management
DMYY,Shell Companies
DMYY-WT,
DNA,Biotechnology
DNA-WT,
DNB,Financial Data & Stock Exchanges
DNMR,Specialty Chemicals
DNN,Uranium
DNOW,Oil & Gas Equipment & Services
DO,Oil & Gas Drilling
DOC,REIT - Healthcare Facilities
DOCN,Software - Infrastructure
DOCS,Health Information Services
DOLE,Farm Products
DOMA,Insurance - Property & Casualty
DOOR,Building Products & Equipment
DOUG,Real Estate Services
DOV,Specialty Industrial Machinery
DOW,Chemicals
DPSI,Software - Application
DPZ,Restaurants
DQ,Semiconductor Equipment & Materials
DRD,Gold
DRH,REIT - Hotel & Motel
DRH-PA,REIT - Hotel & Motel
DRI,Restaurants
DRQ,Oil & Gas Equipment & Services
DSAQ,Shell Companies
DSS,Packaging & Containers
DSX,Marine Shipping
DSX-PB,Marine Shipping
DSX-WS,
DT,Software - Application
DTB,
DTC,Internet Retail
DTE,Utilities - Regulated Electric
DTF,Asset Management
DTG,
DTLA-P,REIT-Office
DTM,Oil & Gas Midstream
DTW,
DUK,Utilities - Regulated Electric
DUK-PA,Utilities - Regulated Electric
DUKB,
DV,Software - Application
DVA,Medical Care Facilities
DVN,Oil & Gas E&P
DX,REIT - Mortgage
DX-PC,REIT - Mortgage
DXC,Information Technology Services
DXF,Credit Services
DY,Engineering & Construction
DYLG,
E,Oil & Gas Integrated
EAF,Electrical Equipment & Parts
EAI,
EARN,REIT - Mortgage
EAT,Restaurants
EB,Software - Application
EBF,Business Equipment & Supplies
EBR,Utilities - Renewable
EBR-B,Utilities - Renewable
EBS,Drug Manufacturers - Specialty & Generic
EC,Oil & Gas Integrated
ECAT,
ECC,Asset Management
ECC-PD,Asset Management
ECCC,Asset Management
ECCV,
ECCW,
ECCX,Investment Banking & Investment Services
ECF,Asset Management
ECF-PA,
ECL,Specialty Chemicals
ECML,
ECO,Marine Shipping
ECVT,Specialty Chemicals
ED,Utilities - Regulated Electric
EDN,Utilities - Regulated Electric
EDR,Entertainment
EDU,Education & Training Services
EE,Oil & Gas Midstream
EETH,
EEX,Advertising Agencies
EFC,REIT - Mortgage
EFC-P-C,
EFC-P-D,
EFC-P-E,
EFC-PA,REIT - Mortgage
EFC-PB,REIT - Mortgage
EFC-PC,
EFR,Asset Management
EFSH,Conglomerates
EFT,Asset Management
EFX,Consulting Services
EFXT,Oil & Gas Equipment & Services
EG,Insurance - Reinsurance
EGGF,Shell Companies
EGGF-UN,Shell Companies
EGLE,Marine Shipping
EGO,Gold
EGP,REIT - Industrial
EGY,Oil & Gas E&P
EHAB,Medical Care Facilities
EHC,Medical Care Facilities
EIC,Asset Management
EICA,Asset Management
EICB,Asset Management
EIG,Insurance - Specialty
EIX,Utilities - Regulated Electric
EL,Household & Personal Products
ELA,Luxury Goods
ELAN,Drug Manufacturers - Specialty & Generic
ELC,
ELF,Household & Personal Products
ELIQ,Utilities - Renewable
ELLO,Utilities - Renewable
ELMD,Medical Devices
ELME,REIT - Residential
ELP,Utilities - Diversified
ELS,REIT - Residential
ELV,Healthcare Plans
EMC,
EME,Engineering & Construction
EMM,
EMN,Specialty Chemicals
EMP,
EMR,Specialty Industrial Machinery
EMSF,
EMX,Other Industrial Metals & Mining
ENB,Oil & Gas Midstream
ENFN,Software - Application
ENIC,Utilities - Regulated Electric
ENJ,
ENLC,Oil & Gas Midstream
ENO,Electrical Utilities & IPPs
ENOV,Specialty Industrial Machinery
ENR,Electrical Equipment & Parts
ENS,Electrical Equipment & Parts
ENSV,Oil & Gas Equipment & Services
ENV,Software - Application
ENVA,Credit Services
ENX,Asset Management
ENZ,Diagnostics & Research
EOG,Oil & Gas E&P
EOT,Asset Management
EP,Oil & Gas E&P
EP-PC,Other
EPAC,Specialty Industrial Machinery
EPAM,Information Technology Services
EPC,Household & Personal Products
EPD,Oil & Gas Midstream
EPM,Oil & Gas E&P
EPR,REIT - Specialty
EPR-PC,REIT - Specialty
EPR-PE,REIT - Specialty
EPR-PG,REIT - Specialty
EPRT,REIT - Diversified
EQBK,Banks - Regional
EQC,REIT - Office
EQC-PD,REIT - Office
EQH,Insurance - Diversified
EQH-PA,Insurance - Diversified
EQH-PC,Insurance - Diversified
EQLS,
EQNR,Oil & Gas Integrated
EQR,REIT - Residential
EQS,Asset Management
EQT,Oil & Gas E&P
EQX,Gold
ERC,Asset Management
ERF,Oil & Gas E&P
ERJ,Aerospace & Defense
ERO,Copper
ES,Utilities - Regulated Electric
ESAB,Metal Fabrication
ESBA,REIT - Office
ESE,Scientific & Technical Instruments
ESI,Specialty Chemicals
ESMT,Software - Infrastructure
ESNT,Insurance - Specialty
ESP,Electrical Equipment & Parts
ESRT,REIT - Diversified
ESS,REIT - Residential
ESTC,Software - Application
ET,Oil & Gas Midstream
ET-P-I,
ET-PI,Oil & Gas Midstream
ETD,"Furnishings, Fixtures & Appliances"
ETI-P,Utilities-Regulated Electric
ETN,Specialty Industrial Machinery
ETR,Utilities - Regulated Electric
ETRN,Oil & Gas Midstream
ETWO,Software - Application
ETX,Asset Management
EU,Uranium
EURN,Oil & Gas Midstream
EVA,Lumber & Wood Production
EVBN,Banks - Regional
EVC,Advertising Agencies
EVE,Shell Companies
EVEX,Aerospace & Defense
EVF,Asset Management
EVH,Health Information Services
EVI,Industrial Distribution
EVM,Asset Management
EVN,Asset Management
EVR,Capital Markets
EVRI,Gambling
EVTC,Software - Infrastructure
EVTL,Aerospace & Defense
EVXX,
EW,Medical Devices
EXK,Other Precious Metals & Mining
EXP,Building Materials
EXPR,Apparel Retail
EXR,REIT - Industrial
EXTO,Department Stores
F,Auto Manufacturers
F-PB,Other
F-PC,
F-PD,
FAF,Insurance - Specialty
FATH,Computer Hardware
FBIN,Building Products & Equipment
FBK,Banks - Regional
FBP,Banks - Regional
FBRT,REIT - Mortgage
FC,Consulting Services
FCF,Banks - Regional
FCFY,
FCN,Consulting Services
FCO,Asset Management
FCPT,REIT - Retail
FCRX,
FCX,Copper
FDAT,
FDP,Farm Products
FDS,Financial Data & Stock Exchanges
FDX,Integrated Freight & Logistics
FE,Utilities - Regulated Electric
FEDL,
FEDU,Education & Training Services
FENG,Internet Content & Information
FERG,Industrial Distribution
FET,Oil & Gas Equipment & Services
FF,Specialty Chemicals
FFLS,
FFWM,Banks - Regional
FG,Insurance - Life
FGH,Leisure
FGN,
FHI,Asset Management
FHN,Banks - Regional
FHN-PE,Banks - Regional
FI,Information Technology Services
FICO,Software - Application
FIGS,Apparel Manufacturing
FIHL,Insurance - Diversified
FIIG,
FINS,
FINV,Credit Services
FIS,Information Technology Services
FISK,REIT - Office
FIX,Engineering & Construction
FL,Apparel Retail
FLME,Shell Companies
FLNG,Oil & Gas Midstream
FLO,Packaged Foods
FLR,Engineering & Construction
FLS,Specialty Industrial Machinery
FLT,Software - Infrastructure
FMC,Agricultural Inputs
FMS,Medical Care Facilities
FMX,Beverages - Brewers
FN,Electronic Components
FNA,Medical Devices
FNB,Banks - Regional
FNB-PE,Banks - Regional
FND,Home Improvement Retail
FNF,Insurance - Specialty
FNV,Gold
FOA,Credit Services
FOR,Real Estate - Development
FOUR,Software - Infrastructure
FOXO,Health Information Services
FPH,Real Estate - Development
FPI,REIT - Specialty
FR,REIT - Industrial
FRD,Steel
FREY,Electrical Equipment & Parts
FRGE,Software - Application
FRO,Oil & Gas Midstream
FRT,REIT - Retail
FRT-PC,REIT - Retail
FRXB,Shell Companies
FSCO,Asset Management
FSI,Specialty Chemicals
FSK,Asset Management
FSLY,Software - Application
FSM,Gold
FSP,REIT - Office
FSR,Auto Manufacturers
FSS,Pollution & Treatment Controls
FT,Asset Management
FTCH,Internet Retail
FTCHF,
FTHY,
FTI,Oil & Gas Equipment & Services
FTK,Oil & Gas Equipment & Services
FTS,Utilities - Regulated Electric
FTV,Scientific & Technical Instruments
FTWO,
FUBO,Broadcasting
FUL,Specialty Chemicals
FUN,Leisure
FURY,Other Industrial Metals & Mining
FVRR,Internet Content & Information
FXLV,Leisure
G,Information Technology Services
GAB-PG,Other
GAB-PH,Asset Management
GAB-PK,Asset Management
GAM,Asset Management
GAM-PB,
GAQ,Shell Companies
GAQ-UN,Shell Companies
GATO,Other Precious Metals & Mining
GATX,Rental & Leasing Services
GAU,Gold
GB,Software - Infrastructure
GBAB,Asset Management
GBCI,Banks - Regional
GBLI,Insurance - Property & Casualty
GBR,Real Estate Services
GBTG,Software - Application
GBX,Railroads
GCI,Publishing
GCO,Apparel Retail
GD,Aerospace & Defense
GDDY,Software - Infrastructure
GDL-PC,Asset Management
GDOT,Credit Services
GDV-PH,
GDV-PK,Asset Management
GE,Specialty Industrial Machinery
GEF,Packaging & Containers
GEF-B,Packaging & Containers
GEHI,Education & Training Services
GEL,Oil & Gas Midstream
GENC,Farm & Heavy Construction Machinery
GENI,Internet Content & Information
GEO,Security & Protection Services
GES,Apparel Retail
GETR,Software - Application
GETY,Internet Content & Information
GFF,Conglomerates
GFI,Gold
GFL,Waste Management
GFR,Oil & Gas E&P
GGB,Steel
GGG,Specialty Industrial Machinery
GGN-PB,
GGT,Asset Management
GGT-PE,Other
GGT-PG,Asset Management
GGZ,Asset Management
GHC,Education & Training Services
GHG,Lodging
GHI,Mortgage Finance
GHL,Capital Markets
GHLD,Mortgage Finance
GHM,Specialty Industrial Machinery
GIB,Information Technology Services
GIC,Industrial Distribution
GIL,Apparel Manufacturing
GIS,Packaged Foods
GJH,Investment Banking & Investment Services
GJO,Investment Banking & Investment Services
GJP,Investment Banking & Investment Services
GJR,Investment Banking & Investment Services
GJS,Investment Banking & Investment Services
GJT,Investment Banking & Investment Services
GKOS,Medical Devices
GL,Insurance - Life
GL-PD,
GLDG,Gold
GLOB,Information Technology Services
GLOG-PA,Oil & Gas Midstream
GLOP-PA,
GLOP-PB,
GLOP-PC,
GLP,Oil & Gas Midstream
GLP-PA,Other
GLP-PB,Oil & Gas Midstream
GLT,Paper & Paper Products
GLU,Asset Management
GLU-PA,
GLU-PB,
GLW,Electronic Components
GM,Auto Manufacturers
GME,Specialty Retail
GMED,Medical Devices
GMRE,REIT - Healthcare Facilities
GMRE-PA,REIT - Healthcare Facilities
GMS,Building Products & Equipment
GNE,Utilities - Regulated Electric
GNK,Marine Shipping
GNL,REIT - Diversified
GNL-P-D,
GNL-P-E,
GNL-PA,REIT - Diversified
GNL-PB,REIT - Diversified
GNL-PD,REIT - Diversified
GNL-PE,REIT - Diversified
GNRC,Specialty Industrial Machinery
GNS,Education & Training Services
GNT,Asset Management
GNT-PA,Other
GNTY,Banks - Regional
GNW,Insurance - Life
GOL,Airlines
GOLD,Gold
GOLF,Leisure
GOOS,Apparel Manufacturing
GORO,Gold
GOTU,Education & Training Services
GPC,Specialty Retail
GPI,Auto & Truck Dealerships
GPJA,
GPK,Packaging & Containers
GPMT,REIT - Mortgage
GPMT-PA,REIT - Mortgage
GPN,Specialty Business Services
GPOR,Oil & Gas E&P
GPRK,Oil & Gas E&P
GPS,Apparel Retail
GRBK,Residential Construction
GRBK-PA,Residential Construction
GRC,Specialty Industrial Machinery
GRF,Asset Management
GRFX,Other Industrial Metals & Mining
GRMN,Scientific & Technical Instruments
GRND,Software - Application
GRND-WT,
GRNT,Oil & Gas E&P
GROV,Household & Personal Products
GROY,Gold
GROY-WT,
GRP-UN,REIT - Industrial
GRX,Asset Management
GS,Capital Markets
GS-PA,Capital Markets
GS-PC,Other
GS-PD,Capital Markets
GS-PK,Capital Markets
GSAT,Telecom Services
GSBD,Asset Management
GSK,Drug Manufacturers - General
GSL,Rental & Leasing Services
GSL-PB,Rental & Leasing Services
GTE,Oil & Gas E&P
GTES,Specialty Industrial Machinery
GTLS,Specialty Industrial Machinery
GTLS-P-B,
GTLS-PB,Specialty Industrial Machinery
GTN,Broadcasting
GTN-A,Broadcasting
GTNA,Media & Publishing
GTY,REIT - Retail
GUG,
GUT-PC,Asset Management
GVA,Engineering & Construction
GWH,Electrical Equipment & Parts
GWRE,Software - Application
GWW,Industrial Distribution
GXO,Integrated Freight & Logistics
H,Lodging
HAE,Medical Instruments & Supplies
HAL,Oil & Gas Equipment & Services
HASI,REIT - Specialty
HAYW,Electrical Equipment & Parts
HBB,"Furnishings, Fixtures & Appliances"
HBI,Apparel Manufacturing
HBM,Copper
HCA,Medical Care Facilities
HCC,Coking Coal
HCI,Insurance - Property & Casualty
HCOM,
HCXY,Investment Banking & Investment Services
HD,Home Improvement Retail
HDB,Banks - Regional
HE,Utilities - Regulated Electric
HEI,Aerospace & Defense
HEI-A,Aerospace & Defense
HELO,
HEP,Oil & Gas Midstream
HES,Oil & Gas E&P
HESM,Oil & Gas Midstream
HFRO-PA,Asset Management
HG,Insurance - Reinsurance
HGTY,Insurance - Property & Casualty
HGV,Resorts & Casinos
HHH,Real Estate - Diversified
HHLA,Shell Companies
HI,Specialty Industrial Machinery
HIG,Insurance - Property & Casualty
HIG-PG,Insurance - Property & Casualty
HII,Aerospace & Defense
HIMS,Household & Personal Products
HIPO,Insurance - Specialty
HIW,REIT - Office
HKD,Software - Application
HL,Other Precious Metals & Mining
HL-PB,Other Precious Metals & Mining
HLF,Packaged Foods
HLI,Capital Markets
HLIO,Specialty Industrial Machinery
HLLY,Auto Parts
HLN,Drug Manufacturers - Specialty & Generic
HLT,Lodging
HLX,Oil & Gas Equipment & Services
HMC,Auto Manufacturers
HMN,Insurance - Property & Casualty
HMY,Gold
HNI,Business Equipment & Supplies
HNRA,Shell Companies
HNRA-WT,
HNW,Asset Management
HOG,Recreational Vehicles
HOMB,Banks - Regional
HOUS,Real Estate Services
HOV,Residential Construction
HP,Oil & Gas Drilling
HPE,Communication Equipment
HPP,REIT - Office
HPP-PC,REIT - Office
HPQ,Computer Hardware
HQH,Asset Management
HQL,Asset Management
HR,REIT - Healthcare Facilities
HRB,Personal Services
HRI,Rental & Leasing Services
HRL,Packaged Foods
HRT,Staffing & Employment Services
HRTG,Insurance - Property & Casualty
HSBC,Banks - Diversified
HSHP,Marine Shipping
HSY,Confectioners
HTFB,
HTFC,
HTGC,Asset Management
HTH,Banks - Regional
HUBB,Electrical Equipment & Parts
HUBS,Software - Application
HUM,Healthcare Plans
HUN,Chemicals
HUSA,Oil & Gas E&P
HUYA,Entertainment
HVT,Home Improvement Retail
HVT-A,Home Improvement Retail
HWM,Aerospace & Defense
HXL,Aerospace & Defense
HY,Farm & Heavy Construction Machinery
HYAC,Shell Companies
HYAC-UN,Shell Companies
HYLN,Auto Parts
HZO,Specialty Retail
IAG,Gold
IAUX,Gold
IBDY,
IBIA,
IBIB,
IBIC,
IBID,
IBIE,
IBIF,
IBIG,
IBIH,
IBII,
IBIJ,
IBIO,Biotechnology
IBM,Information Technology Services
IBN,Banks - Regional
IBP,Residential Construction
ICD,Oil & Gas Drilling
ICE,Financial Data & Stock Exchanges
ICL,Agricultural Inputs
ICR-PA,REIT - Mortgage
ID,Auto Parts
IDA,Utilities - Regulated Electric
IDICQ,
IDR,Gold
IDT,Telecom Services
IE,Copper
IEX,Specialty Industrial Machinery
IFF,Specialty Chemicals
IFIN,Shell Companies
IFS,Banks - Regional
IGC,Biotechnology
IGI,Asset Management
IGT,Gambling
IH,Education & Training Services
IHG,Lodging
IHS,Telecom Services
IHT,REIT - Hotel & Motel
IIIN,Metal Fabrication
IIM,Asset Management
IIPR,REIT - Industrial
IIPR-PA,REIT - Industrial
IMAX,Entertainment
IMO,Oil & Gas Integrated
INDE,
INDO,Oil & Gas E&P
INFA,Software - Infrastructure
INFU,Medical Instruments & Supplies
INFY,Information Technology Services
ING,Banks - Diversified
INGR,Packaged Foods
INLX,Software - Application
INN,REIT - Hotel & Motel
INN-PE,REIT - Hotel & Motel
INOV,
INSP,Medical Devices
INST,Software - Application
INSW,Oil & Gas Midstream
INTT,Semiconductor Equipment & Materials
INUV,Advertising Agencies
INVH,REIT - Residential
IONQ,Computer Hardware
IOR,Mortgage Finance
IOT,Software - Infrastructure
IP,Packaging & Containers
IPB,Investment Banking & Investment Services
IPG,Advertising Agencies
IPI,Agricultural Inputs
IPVF,Shell Companies
IQI,Asset Management
IQV,Diagnostics & Research
IR,Specialty Industrial Machinery
IRBA,
IRM,REIT - Specialty
IRNT,Software-Infrastructure
IROHU,
IRRX,Shell Companies
IRRX-UN,Shell Companies
IRS,Real Estate Services
IRS-WT,
IRT,REIT - Residential
IRTR,
ISDR,Software - Application
IT,Information Technology Services
ITCL,Banks - Regional
ITDA,
ITDB,
ITDC,
ITDF,
ITDG,
ITDH,
ITDI,
ITGR,Medical Devices
ITP,Paper & Paper Products
ITRG,Other Precious Metals & Mining
ITT,Specialty Industrial Machinery
ITUB,Banks - Regional
ITW,Specialty Industrial Machinery
IVR,REIT - Mortgage
IVR-PB,REIT - Mortgage
IVR-PC,REIT - Mortgage
IVT,REIT - Retail
IVZ,Asset Management
IWMY,
IX,Credit Services
J,Engineering & Construction
JBGS,REIT - Office
JBI,Building Products & Equipment
JBK,Investment Banking & Investment Services
JBL,Electronic Components
JBND,
JBT,Specialty Industrial Machinery
JCI,Building Products & Equipment
JEF,Capital Markets
JELD,Building Products & Equipment
JETD,
JETU,
JHG,Asset Management
JHI,Asset Management
JHS,Asset Management
JHX,Building Materials
JILL,Apparel Retail
JIRE,
JKS,Solar
JLL,Real Estate Services
JMIA,Internet Retail
JMSI,
JNJ,Drug Manufacturers - General
JNPR,Communication Equipment
JOB,Staffing & Employment Services
JOBY,Airports & Air Services
JOBY-WT,
JOE,Real Estate - Diversified
JPAN,
JPM,Banks - Diversified
JPM-PC,Banks - Diversified
JPM-PD,Banks - Diversified
JPM-PJ,Banks - Diversified
JPM-PK,Banks - Diversified
JPM-PL,Banks - Diversified
JSI,Other
JT,Credit Services
JWN,Department Stores
JWSM,Shell Companies
JXN,Insurance - Life
JXN-P-A,
JXN-PA,Insurance - Life
K,Packaged Foods
K-W,
KAI,Specialty Industrial Machinery
KAMN,Aerospace & Defense
KAR,Auto & Truck Dealerships
KB,Banks - Regional
KBH,Residential Construction
KBR,Engineering & Construction
KCGI,Shell Companies
KD,Information Technology Services
KDRN,
KEN,Utilities - Independent Power Producers
KEP,Utilities - Regulated Electric
KEX,Marine Shipping
KEY,Banks - Regional
KEY-PI,Banks - Regional
KEY-PJ,Banks - Regional
KEY-PK,Banks - Regional
KEY-PL,Banks - Regional
KEYS,Scientific & Technical Instruments
KFS,Auto & Truck Dealerships
KFY,Staffing & Employment Services
KGC,Gold
KGS,Oil & Gas Equipment & Services
KIM,REIT - Retail
KIM-PL,REIT - Retail
KIM-PM,REIT - Retail
KIND,Internet Content & Information
KIQ,Railroads
KKR,Asset Management
KKRS,
KLG,Packaged Foods
KLG-WI,
KMB,Household & Personal Products
KMI,Oil & Gas Midstream
KMPB,
KMPR,Insurance - Property & Casualty
KMT,Tools & Accessories
KMX,Auto & Truck Dealerships
KN,Communication Equipment
KNF,Building Materials
KNOP,Marine Shipping
KNSL,Insurance - Property & Casualty
KNSW,Shell Companies
KNSW-UN,Shell Companies
KNTK,Oil & Gas Midstream
KNW,Scientific & Technical Instruments
KNX,Trucking
KO,Beverages - Non-Alcoholic
KODK,Specialty Business Services
KOF,Beverages - Non-Alcoholic
KOP,Specialty Chemicals
KORE,Telecom Services
KOS,Oil & Gas E&P
KR,Grocery Stores
KRC,REIT - Office
KREF,REIT - Mortgage
KREF-P-A,
KREF-PA,REIT - Mortgage
KRG,REIT - Retail
KRO,Specialty Chemicals
KRP,Oil & Gas E&P
KSS,Department Stores
KT,Telecom Services
KTB,Apparel Manufacturing
KTF,Asset Management
KTH,Investment Banking & Investment Services
KTN,Investment Banking & Investment Services
KUKE,Entertainment
KULR,Electronic Components
KVUE,Household & Personal Products
KVYO,Software - Infrastructure
KW,Real Estate Services
KWR,Specialty Chemicals
KYN,Asset Management
L,Insurance - Property & Casualty
LAAC,Other Industrial Metals & Mining
LAC,Other Industrial Metals & Mining
LAD,Auto & Truck Dealerships
LADR,REIT - Mortgage
LANV,Luxury Goods
LAW,Software - Application
LAZ,Capital Markets
LBRT,Oil & Gas Equipment & Services
LC,Credit Services
LCII,Recreational Vehicles
LCTX,Biotechnology
LCW,Shell Companies
LCW-UN,Shell Companies
LDI,Mortgage Finance
LDOS,Information Technology Services
LEA,Auto Parts
LEG,"Furnishings, Fixtures & Appliances"
LEJU,Real Estate Services
LEN,Residential Construction
LEN-B,Residential Construction
LEO,Asset Management
LEU,Uranium
LEV,Farm & Heavy Construction Machinery
LEVI,Apparel Manufacturing
LFT,REIT - Mortgage
LFT-PA,REIT - Mortgage
LGF-A,Entertainment
LGF-B,Entertainment
LGFA,Media & Publishing
LGL,Electronic Components
LH,Diagnostics & Research
LHC,Shell Companies
LHC-UN,Shell Companies
LHX,Aerospace & Defense
LICY,Waste Management
LII,Building Products & Equipment
LITB,Internet Retail
LL,Home Improvement Retail
LLAP,Aerospace & Defense
LLY,Drug Manufacturers - General
LMND,Insurance - Property & Casualty
LMT,Aerospace & Defense
LNC,Insurance - Life
LNC-PD,
LND,Farm Products
LNG,Oil & Gas Midstream
LNN,Farm & Heavy Construction Machinery
LOB,Banks - Regional
LOCL,Farm Products
LODE,Real Estate Services
LOMA,Building Materials
LOW,Home Improvement Retail
LPG,Oil & Gas Midstream
LPL,Consumer Electronics
LPTV,Broadcasting
LPX,Building Products & Equipment
LRN,Education & Training Services
LSF,Packaged Foods
LSPD,Software - Application
LTC,REIT - Healthcare Facilities
LTH,Leisure
LTHM,Specialty Chemicals
LU,Credit Services
LUMN,Telecom Services
LUV,Airlines
LUXX,
LVS,Resorts & Casinos
LVWR,Auto Manufacturers
LW,Packaged Foods
LXFR,Specialty Industrial Machinery
LXP,REIT - Industrial
LXP-PC,REIT - Industrial
LXU,Chemicals
LYB,Specialty Chemicals
LYG,Banks - Regional
LYV,Entertainment
LZB,"Furnishings, Fixtures & Appliances"
LZM,Other Industrial Metals & Mining
M,Department Stores
MA,Credit Services
MAA,REIT - Residential
MAA-PI,REIT - Residential
MAC,REIT - Retail
MAG,Silver
MAIA,Biotechnology
MAIN,Asset Management
MAN,Staffing & Employment Services
MANU,Entertainment
MAS,Building Products & Equipment
MATV,Specialty Chemicals
MATX,Marine Shipping
MAV,Asset Management
MAX,Internet Content & Information
MBAC,Shell Companies
MBC,"Furnishings, Fixtures & Appliances"
MBI,Insurance - Specialty
MC,Capital Markets
MCB,Banks - Regional
MCD,Restaurants
MCI,Asset Management
MCK,Medical Distribution
MCO,Financial Data & Stock Exchanges
MCR,Asset Management
MCS,Entertainment
MCW,Personal Services
MCY,Insurance - Property & Casualty
MD,Medical Care Facilities
MDC,Residential Construction
MDT,Medical Devices
MDU,Conglomerates
MDV,REIT - Diversified
MDV-PA,REIT - Diversified
MEC,Metal Fabrication
MED,Personal Services
MEG,Waste Management
MEGI,
MEI,Electronic Components
MER-PK,Other
MET,Insurance - Life
MET-PA,Insurance - Life
MET-PE,Insurance - Life
MET-PF,Insurance - Life
MFA,REIT - Mortgage
MFA-PB,REIT - Mortgage
MFA-PC,REIT - Mortgage
MFC,Insurance - Life
MFG,Banks - Regional
MFM,Asset Management
MFV,Asset Management
MG,Security & Protection Services
MGA,Auto Parts
MGLD,Asset Management
MGM,Resorts & Casinos
MGOV,
MGR,Investment Banking & Investment Services
MGRB,
MGRD,
MGY,Oil & Gas E&P
MHH,Staffing & Employment Services
MHI,Asset Management
MHK,"Furnishings, Fixtures & Appliances"
MHLA,Insurance
MHNC,
MHO,Residential Construction
MIMO,Telecom Services
MIN,Asset Management
MIO,
MIR,Specialty Industrial Machinery
MITQ,Communication Equipment
MITT,REIT - Mortgage
MITT-PA,REIT - Mortgage
MITT-PB,REIT - Mortgage
MITT-PC,REIT - Mortgage
MIXT,Software - Application
MKC,Packaged Foods
MKC-V,Packaged Foods
MKFG,Computer Hardware
MKL,Insurance - Property & Casualty
MKOR,
ML,Software - Application
MLI,Metal Fabrication
MLM,Building Materials
MLNK,Software - Application
MLP,Real Estate Services
MLR,Auto Parts
MLSS,Medical Instruments & Supplies
MMC,Insurance Brokers
MMI,Real Estate Services
MMM,Conglomerates
MMS,Specialty Business Services
MMT,Asset Management
MNR,Oil & Gas E&P
MNSO,Specialty Retail
MNTN,Shell Companies
MNTN-UN,Shell Companies
MO,Tobacco
MOD,Auto Parts
MODG,Leisure
MODN,Software - Application
MOG-A,Aerospace & Defense
MOGU,Internet Retail
MOH,Healthcare Plans
MOS,Agricultural Inputs
MOV,Luxury Goods
MP,Other Industrial Metals & Mining
MPC,Oil & Gas Refining & Marketing
MPLN,Health Information Services
MPLN-WT,
MPLX,Oil & Gas Midstream
MPTI,Electronic Components
MPU,Rental & Leasing Services
MPV,Asset Management
MPW,REIT - Healthcare Facilities
MPX,Recreational Vehicles
MRC,Oil & Gas Equipment & Services
MRDB,Software - Infrastructure
MRK,Drug Manufacturers - General
MRNY,
MRO,Oil & Gas E&P
MRT,Software - Application
MRT-WT,
MS,Capital Markets
MS-PA,Capital Markets
MS-PE,Capital Markets
MS-PF,Capital Markets
MS-PI,Capital Markets
MS-PK,Capital Markets
MS-PL,Capital Markets
MS-PP,Capital Markets
MSA,Security & Protection Services
MSB,Steel
MSC,Resorts & Casinos
MSCI,Financial Data & Stock Exchanges
MSGE,Leisure
MSGS,Entertainment
MSI,Communication Equipment
MSM,Industrial Distribution
MSN,Consumer Electronics
MT,Steel
MTA,Other Precious Metals & Mining
MTAL,Copper
MTB,Banks - Regional
MTB-PH,
MTBL,Software - Application
MTD,Diagnostics & Research
MTDR,Oil & Gas E&P
MTG,Insurance - Specialty
MTH,Residential Construction
MTN,Resorts & Casinos
MTNB,Biotechnology
MTR,Oil & Gas E&P
MTRN,Other Industrial Metals & Mining
MTW,Farm & Heavy Construction Machinery
MTX,Specialty Chemicals
MTZ,Engineering & Construction
MUFG,Banks - Diversified
MUR,Oil & Gas E&P
MUSA,Specialty Retail
MUSQ,
MUX,Other Precious Metals & Mining
MVO,Oil & Gas E&P
MWA,Specialty Industrial Machinery
MWG,Rental & Leasing Services
MX,Semiconductors
MXC,Oil & Gas E&P
MYE,Packaging & Containers
MYO,Medical Devices
MYTE,Luxury Goods
NABL,Information Technology Services
NAK,Other Industrial Metals & Mining
NAPA,Beverages - Wineries & Distilleries
NAT,Marine Shipping
NATL,Software - Application
NAVB,Biotechnology
NBH,Asset Management
NBHC,Banks - Regional
NBR,Oil & Gas Drilling
NBXG,
NBY,Biotechnology
NC,Thermal Coal
NCL,"Furnishings, Fixtures & Appliances"
NCLH,Travel Services
NCR,Information Technology Services
NCV-PA,Asset Management
NCZ-PA,Asset Management
NDMO,
NE,Oil & Gas Drilling
NEE,Utilities - Regulated Electric
NEE-PN,Other
NEE-PR,Utilities - Regulated Electric
NEM,Gold
NEN,Real Estate Services
NEP,Utilities - Renewable
NET,Software - Infrastructure
NETC,Shell Companies
NETI,Marine Shipping
NEU,Specialty Chemicals
NEWP,Other Precious Metals & Mining
NEXA,Other Industrial Metals & Mining
NFG,Oil & Gas Integrated
NFGC,Gold
NFYS,Shell Companies
NG,Gold
NGD,Gold
NGG,Utilities - Regulated Electric
NGL,Oil & Gas Midstream
NGL-PB,Oil & Gas Midstream
NGL-PC,Oil & Gas Midstream
NGS,Oil & Gas Equipment & Services
NGVC,Grocery Stores
NGVT,Specialty Chemicals
NHC,Medical Care Facilities
NHI,REIT - Healthcare Facilities
NHWK,Biotechnology
NI,Utilities - Regulated Gas
NI-PB,Utilities - Regulated Gas
NIC,Banks - Regional
NINE,Oil & Gas Equipment & Services
NIO,Auto Manufacturers
NJR,Utilities - Regulated Gas
NKE,Footwear & Accessories
NL,Security & Protection Services
NLOP,REIT - Office
NLS,Leisure
NLY,REIT - Mortgage
NLY-PF,REIT - Mortgage
NLY-PG,REIT - Mortgage
NLY-PI,REIT - Mortgage
NM,Marine Shipping
NM-PG,Marine Shipping
NM-PH,Marine Shipping
NMAI,
NMG,Other Industrial Metals & Mining
NMK-PB,Other
NMK-PC,Other
NMPRG,
NMPRH,
NMR,Capital Markets
NNI,Credit Services
NNN,REIT - Retail
NNVC,Biotechnology
NOA,Oil & Gas Equipment & Services
NOAH,Asset Management
NOC,Aerospace & Defense
NOG,Oil & Gas E&P
NOK,Communication Equipment
NOMD,Packaged Foods
NOTE,Information Technology Services
NOV,Oil & Gas Equipment & Services
NOVA,Solar
NOW,Software - Application
NPCT,Asset Management
NPFD,Asset Management
NPK,Aerospace & Defense
NPO,Specialty Industrial Machinery
NPWR,Specialty Industrial Machinery
NR,Oil & Gas Equipment & Services
NRDY,Software - Application
NREF,REIT - Mortgage
NREF-PA,REIT - Mortgage
NRG,Utilities - Independent Power Producers
NRGV,Utilities - Renewable
NRGX,
NRP,Thermal Coal
NRT,Oil & Gas E&P
NRXS,Biotechnology
NS,Oil & Gas Midstream
NS-PA,Other
NS-PB,Oil & Gas Midstream
NS-PC,Other
NSA,REIT - Industrial
NSA-PA,REIT - Industrial
NSC,Railroads
NSP,Staffing & Employment Services
NSS,Other
NSTB,Shell Companies
NSTBW,
NTB,Banks - Diversified
NTCO,Household & Personal Products
NTEST,Other
NTEST-H,Other
NTEST-I,Other
NTIP,Specialty Business Services
NTR,Agricultural Inputs
NTRL,
NTST,REIT - Retail
NTZ,"Furnishings, Fixtures & Appliances"
NU,Banks - Regional
NUE,Steel
NUS,Household & Personal Products
NUVB,Biotechnology
NVGS,Oil & Gas Midstream
NVO,Biotechnology
NVR,Residential Construction
NVRI,Waste Management
NVRO,Medical Devices
NVS,Drug Manufacturers - General
NVST,Medical Instruments & Supplies
NVT,Electrical Equipment & Parts
NVTA,Diagnostics & Research
NWG,Banks - Regional
NWN,Utilities - Regulated Gas
NX,Building Products & Equipment
NXC,Asset Management
NXDT,REIT - Diversified
NXDT-PA,REIT - Diversified
NXE,Uranium
NXG,Asset Management
NXN,Asset Management
NXP,Asset Management
NXRT,REIT - Residential
NXU,Electrical Equipment & Parts
NYC,Real Estate Services
NYCB,Banks - Regional
NYCB-PA,Banks - Regional
NYCB-PU,Other
NYT,Publishing
O,REIT - Retail
OAIE,
OAK-PA,Other
OAK-PB,Other
OBDC,Credit Services
OBE,Oil & Gas E&P
OBK,Banks - Regional
OC,Building Products & Equipment
OCFT,Software - Application
OCN,Mortgage Finance
ODC,Specialty Chemicals
ODV,Gold
OEC,Specialty Chemicals
OFG,Banks - Regional
OGCP,REIT - Office
OGE,Utilities - Regulated Electric
OGEN,Biotechnology
OGN,Drug Manufacturers - General
OGS,Utilities - Regulated Gas
OHI,REIT - Healthcare Facilities
OI,Packaging & Containers
OIA,Asset Management
OII,Oil & Gas Equipment & Services
OIS,Oil & Gas Equipment & Services
OKE,Oil & Gas Midstream
OLN,Specialty Chemicals
OLO,Software - Application
OLP,REIT - Diversified
OMC,Advertising Agencies
OMF,Credit Services
OMI,Medical Distribution
ONL,REIT - Office
ONON,Footwear & Accessories
ONTF,Software - Application
ONTO,Semiconductor Equipment & Materials
OOMA,Telecom Services
OPA,Shell Companies
OPAD,Real Estate Services
OPFI,Credit Services
OPP-PA,
OPP-PB,Asset Management
OPTT,Specialty Industrial Machinery
OPY,Capital Markets
OR,Gold
ORA,Utilities - Renewable
ORAN,Telecom Services
ORC,REIT - Mortgage
ORCL,Software - Infrastructure
ORI,Insurance - Diversified
ORLA,Gold
ORN,Engineering & Construction
OSCR,Healthcare Plans
OSG,Oil & Gas Midstream
OSI,Shell Companies
OSI-UN,Shell Companies
OSK,Farm & Heavy Construction Machinery
OTIS,Specialty Industrial Machinery
OUST,Electronic Components
OUST-WTA,
OUT,REIT - Specialty
OVV,Oil & Gas E&P
OWL,Asset Management
OWLT,Health Information Services
OXM,Apparel Manufacturing
OXY,Oil & Gas E&P
OXY-WT,
PAAS,Gold
PAC,Airports & Air Services
PACI,Shell Companies
PACK,Packaging & Containers
PAG,Auto & Truck Dealerships
PAGS,Software - Infrastructure
PAM,Utilities - Independent Power Producers
PAPL,Mortgage Finance
PAR,Software - Application
PARR,Oil & Gas Refining & Marketing
PATH,Software - Infrastructure
PAXS,Asset Management
PAY,Software - Infrastructure
PAYC,Software - Application
PB,Banks - Regional
PBA,Oil & Gas Midstream
PBF,Oil & Gas Refining & Marketing
PBH,Drug Manufacturers - Specialty & Generic
PBI,Integrated Freight & Logistics
PBI-PB,Other
PBR,Oil & Gas Integrated
PBR-A,Oil & Gas Integrated
PBRA,Oil & Gas
PBT,Oil & Gas Midstream
PCG,Utilities - Regulated Electric
PCG-PA,
PCG-PB,
PCG-PC,Other
PCG-PD,
PCG-PE,
PCG-PG,
PCG-PH,
PCG-PI,Other
PCGG,
PCOR,Software - Application
PD,Software - Application
PDM,REIT - Office
PDO,Independent Oil & Gas
PDS,Oil & Gas Drilling
PEAK,REIT - Healthcare Facilities
PEB,REIT - Hotel & Motel
PEB-PE,
PEB-PF,REIT - Hotel & Motel
PEB-PG,REIT - Hotel & Motel
PED,Oil & Gas E&P
PEG,Utilities - Regulated Electric
PEN,Medical Devices
PERF,Software - Application
PERF-WT,
PFE,Drug Manufacturers - General
PFGC,Food Distribution
PFLT,Asset Management
PFS,Banks - Regional
PFSI,Mortgage Finance
PG,Household & Personal Products
PGR,Insurance - Property & Casualty
PGRE,REIT - Office
PGRU,Internet Content & Information
PGSS,Shell Companies
PGTI,Building Products & Equipment
PGZ,Asset Management
PH,Specialty Industrial Machinery
PHD,Asset Management
PHG,Medical Devices
PHGE,Biotechnology
PHI,Telecom Services
PHIN,Auto Parts
PHM,Residential Construction
PHR,Health Information Services
PHT,Asset Management
PHX,Oil & Gas E&P
PHYT,Shell Companies
PII,Recreational Vehicles
PIM,Asset Management
PINE,REIT - Retail
PINS,Internet Content & Information
PIPR,Capital Markets
PJT,Capital Markets
PK,REIT - Hotel & Motel
PKE,Aerospace & Defense
PKG,Packaging & Containers
PKST,REIT - Office
PKX,Steel
PL,Aerospace & Defense
PLAG,Packaged Foods
PLD,REIT - Industrial
PLG,Other Precious Metals & Mining
PLNT,Leisure
PLOW,Auto Parts
PLTR,Software - Infrastructure
PLX,Biotechnology
PLYM,REIT - Industrial
PM,Tobacco
PMM,Asset Management
PMO,Asset Management
PMT,REIT - Mortgage
PMT-PA,REIT - Mortgage
PMT-PB,REIT - Mortgage
PMTU,
PNC,Banks - Regional
PNM,Utilities - Regulated Electric
PNNT,Asset Management
PNR,Specialty Industrial Machinery
PNW,Utilities - Regulated Electric
POL,Specialty Retail
POR,Utilities - Regulated Electric
PORT,Shell Companies
POST,Packaged Foods
PPG,Specialty Chemicals
PPL,Utilities - Regulated Electric
PPT,Asset Management
PR,Oil & Gas E&P
PRA,Insurance - Property & Casualty
PRE-PJ,Insurance - Reinsurance
PRG,Rental & Leasing Services
PRGO,Drug Manufacturers - Specialty & Generic
PRI,Insurance - Life
PRIF-PD,Asset Management
PRIF-PF,Asset Management
PRIF-PG,
PRIF-PH,Asset Management
PRIF-PI,Asset Management
PRIF-PJ,
PRIF-PK,Asset Management
PRIF-PL,Asset Management
PRIM,Engineering & Construction
PRK,Banks - Regional
PRLB,Metal Fabrication
PRM,Specialty Chemicals
PRMW,Beverages - Non-Alcoholic
PRO,Software - Application
PRT,Oil & Gas E&P
PRU,Insurance - Life
PSA,REIT - Industrial
PSA-P-R,
PSA-PF,REIT - Industrial
PSA-PG,
PSA-PH,REIT - Industrial
PSA-PI,REIT - Industrial
PSA-PJ,REIT - Industrial
PSA-PK,REIT - Industrial
PSA-PL,REIT - Industrial
PSA-PM,REIT - Industrial
PSA-PN,REIT - Industrial
PSA-PR,REIT - Industrial
PSA-PS,REIT - Industrial
PSEC-PA,Asset Management
PSFE,Software - Infrastructure
PSFE-WT,
PSN,Information Technology Services
PSO,Publishing
PSQH,Software - Application
PSTG,Computer Hardware
PSTL,REIT - Office
PSX,Oil & Gas Refining & Marketing
PTA,Asset Management
PTN,Biotechnology
PUK,Insurance - Life
PUMP,Oil & Gas Equipment & Services
PVH,Apparel Manufacturing
PVL,Oil & Gas E&P
PW,REIT - Specialty
PW-PA,Other
PWR,Engineering & Construction
PWSC,Software - Application
PX,Asset Management
PXD,Oil & Gas E&P
PYT,Investment Banking & Investment Services
PZG,Gold
QBTS,Computer Hardware
QD,Credit Services
QFTA,Shell Companies
QGEN,Diagnostics & Research
QS,Auto Parts
QSR,Restaurants
QTWO,Software - Application
QUAD,Specialty Business Services
QVCC,Other
QVCD,Other
R,Rental & Leasing Services
RACE,Auto Manufacturers
RAD,Pharmaceutical Retailers
RAMP,Software - Infrastructure
RBA,Specialty Business Services
RBC,Tools & Accessories
RBCP,Tools & Accessories
RBLX,Electronic Gaming & Multimedia
RBOT,Medical Devices
RBOT-WT,
RBT,Software - Application
RC,REIT - Mortgage
RC-PC,
RC-PE,REIT - Mortgage
RCB,Other
RCC,Other
RCFA,Shell Companies
RCFA-UN,Shell Companies
RCG,Asset Management
RCI,Telecom Services
RCL,Travel Services
RCUS,Biotechnology
RDN,Insurance - Specialty
RDW,Aerospace & Defense
RDY,Drug Manufacturers - Specialty & Generic
REI,Oil & Gas E&P
RELX,Specialty Business Services
REPX,Oil & Gas E&P
RERE,Internet Retail
RES,Oil & Gas Equipment & Services
REVG,Farm & Heavy Construction Machinery
REX,Chemicals
REXR,REIT - Industrial
REXR-PB,REIT - Industrial
REXR-PC,REIT - Industrial
REZI,Security & Protection Services
RF,Banks - Regional
RF-PB,Banks - Regional
RF-PC,Banks - Regional
RF-PE,Banks - Regional
RFL,Real Estate Services
RFMZ,
RGA,Insurance - Reinsurance
RGR,Aerospace & Defense
RGS,Personal Services
RGT,Asset Management
RH,Specialty Retail
RHE,Medical Care Facilities
RHE-PA,
RHI,Staffing & Employment Services
RHP,REIT - Hotel & Motel
RIG,Oil & Gas Drilling
RINC,
RIO,Other Industrial Metals & Mining
RITM,REIT - Mortgage
RITM-PA,REIT - Mortgage
RITM-PB,REIT - Mortgage
RITM-PC,REIT - Mortgage
RITM-PD,REIT - Mortgage
RIV-PA,Asset Management
RJF,Capital Markets
RJF-PB,
RKT,Mortgage Finance
RL,Apparel Manufacturing
RLGT,Integrated Freight & Logistics
RLI,Insurance - Property & Casualty
RLJ,REIT - Hotel & Motel
RLJ-PA,REIT - Hotel & Motel
RLTY,Asset Management
RLX,Tobacco
RM,Credit Services
RMAX,Real Estate Services
RMD,Medical Instruments & Supplies
RMM,Asset Management
RMMZ,
RMPL-P,
RMT,Asset Management
RNG,Software - Application
RNGR,Oil & Gas Equipment & Services
RNR,Insurance - Reinsurance
RNR-PF,Insurance - Reinsurance
RNR-PG,Insurance - Reinsurance
RNST,Banks - Regional
ROG,Electronic Components
ROK,Specialty Industrial Machinery
ROL,Personal Services
ROSS,Shell Companies
RPM,Specialty Chemicals
RPT,REIT - Retail
RPT-PD, REIT - Retail
RRAC,Shell Companies
RRC,Oil & Gas E&P
RRX,Specialty Industrial Machinery
RS,Steel
RSG,Waste Management
RSI,Gambling
RSKD,Software - Application
RTO,Specialty Business Services
RTX,Aerospace & Defense
RVLV,Internet Retail
RVP,Medical Instruments & Supplies
RVT,Asset Management
RVTY,Diagnostics & Research
RWT,REIT - Mortgage
RWT-P-A,
RWT-PA,
RXO,Trucking
RY,Banks - Diversified
RYAM,Chemicals
RYAN,Insurance - Specialty
RYB,Diversified Retail
RYI,Metal Fabrication
RYN,REIT - Specialty
RZB,
S,Software - Infrastructure
SA,Gold
SACC,Other
SACH,REIT - Mortgage
SACH-PA,
SAFE,REIT - Diversified
SAGP,
SAH,Auto & Truck Dealerships
SAIC,Information Technology Services
SAJ,
SAM,Beverages - Brewers
SAMT,
SAN,Banks - Diversified
SAND,Gold
SAP,Software - Application
SAR,Asset Management
SAT,
SATX,Communication Equipment
SAVE,Airlines
SAY,
SAZ,
SB,Marine Shipping
SB-PC,Marine Shipping
SB-PD,Marine Shipping
SBBA,
SBEV,Beverages - Wineries & Distilleries
SBH,Specialty Retail
SBOW,Oil & Gas E&P
SBR,Oil & Gas E&P
SBS,Utilities - Regulated Water
SBSW,Gold
SBXC,Shell Companies
SBXC-WT,
SCCB,Other
SCCC,
SCCD,
SCCE,
SCCF,
SCCG,
SCCO,Copper
SCE-PG,Other
SCE-PH,Asset Management
SCE-PJ,Capital Markets
SCE-PK,Other
SCE-PL,Other
SCHW,Capital Markets
SCHW-PD,Capital Markets
SCHW-PJ,Capital Markets
SCI,Personal Services
SCL,Specialty Chemicals
SCM,Asset Management
SCS,Business Equipment & Supplies
SCX,Tools & Accessories
SCYB,
SD,Oil & Gas E&P
SDHY,
SDPI,Oil & Gas Equipment & Services
SDRL,Oil & Gas Drilling
SE,Internet Retail
SEAL-P-B,
SEAL-PA,Oil & Gas Midstream
SEAL-PB,
SEAS,Leisure
SEB,Conglomerates
SEDA,Shell Companies
SEDA-UN,Shell Companies
SEE,Packaging & Containers
SEM,Medical Care Facilities
SEMR,Software - Application
SENS,Medical Devices
SES,Auto Parts
SF,Capital Markets
SF-PB,Capital Markets
SF-PC,Capital Markets
SF-PD,Capital Markets
SFB,Other
SFBS,Banks - Regional
SFL,Marine Shipping
SFUNY,Internet Content & Information
SG,Restaurants
SGE,Computer Hardware
SGHC,Gambling
SGN,Software - Application
SGU,Oil & Gas Refining & Marketing
SHAK,Restaurants
SHAP,Shell Companies
SHAP-UN,Shell Companies
SHCO,Lodging
SHEL,Oil & Gas Integrated
SHG,Banks - Regional
SHO,REIT - Hotel & Motel
SHO-PH,REIT - Hotel & Motel
SHOP,Software - Application
SHPP,
SHW,Specialty Chemicals
SID,Steel
SIF,Aerospace & Defense
SIG,Luxury Goods
SII,Asset Management
SILV,Other Precious Metals & Mining
SIM,Steel
SITC,REIT - Retail
SITC-PA,REIT - Retail
SITE,Industrial Distribution
SIX,Leisure
SJM,Packaged Foods
SJT,Oil & Gas E&P
SJW,Utilities - Regulated Water
SKE,Other Industrial Metals & Mining
SKIL,Education & Training Services
SKLZ,Electronic Gaming & Multimedia
SKM,Telecom Services
SKT,REIT - Retail
SKX,Footwear & Accessories
SKY,Residential Construction
SKYH,Aerospace & Defense
SKYH-WT,
SLB,Oil & Gas Equipment & Services
SLCA,Oil & Gas Equipment & Services
SLF,Insurance - Diversified
SLG,REIT - Office
SLG-PI,REIT - Office
SLGN,Packaging & Containers
SLI,Other Industrial Metals & Mining
SLQT,Insurance Brokers
SLVM,Paper & Paper Products
SM,Oil & Gas E&P
SMAR,Software - Application
SMFG,Banks - Diversified
SMG,Agricultural Inputs
SMHI,Marine Shipping
SMIZ,
SMLP,Oil & Gas Midstream
SMP,Auto Parts
SMR,Specialty Industrial Machinery
SMRT,Software - Application
SMWB,Software - Application
SN,"Furnishings, Fixtures & Appliances"
SNA,Tools & Accessories
SNAP,Internet Content & Information
SNDA,Medical Care Facilities
SNDR,Trucking
SNN,Medical Devices
SNOW,Software - Application
SNV,Banks - Regional
SNV-PD,Banks - Regional
SNV-PE,Banks - Regional
SNX,Electronics & Computer Distribution
SO,Utilities - Regulated Electric
SOAR,Airports & Air Services
SOI,Oil & Gas Equipment & Services
SOJC,
SOJD,
SOJE,
SOL,Solar
SON,Packaging & Containers
SONX,Medical Devices
SONY,Consumer Electronics
SOR,Asset Management
SOS,Software - Infrastructure
SPB,Household & Personal Products
SPCE,Aerospace & Defense
SPDG,
SPE-PC,
SPG,REIT - Retail
SPG-PJ,REIT - Retail
SPGI,Financial Data & Stock Exchanges
SPH,Utilities - Regulated Gas
SPHR,Entertainment
SPIR,Specialty Business Services
SPLP,Conglomerates
SPLP-PA,Conglomerates
SPNT,Insurance - Reinsurance
SPNT-PB,Insurance - Reinsurance
SPOT,Internet Content & Information
SPR,Aerospace & Defense
SPRU,Solar
SPXC,Building Products & Equipment
SQ,Software - Infrastructure
SQM,Specialty Chemicals
SQNS,Semiconductors
SQSP,Software - Infrastructure
SQY,
SR,Utilities - Regulated Gas
SR-PA,Utilities - Regulated Gas
SRC,REIT - Diversified
SRC-PA,REIT - Diversified
SRE,Utilities - Diversified
SREA,
SRFM,Airlines
SRG,REIT - Retail
SRG-PA,REIT - Retail
SRI,Auto Parts
SRL,Capital Markets
SRT,Information Technology Services
SSD,Lumber & Wood Production
SSL,Specialty Chemicals
SST,Specialty Business Services
SSTK,Internet Content & Information
SSU,Specialty Retail
SSY,Pharmaceutical Retailers
ST,Scientific & Technical Instruments
STAG,REIT - Industrial
STC,Insurance - Property & Casualty
STE,Medical Devices
STEL,Banks - Regional
STEM,Software - Infrastructure
STEW,Asset Management
STG,Education & Training Services
STLA,Auto Manufacturers
STM,Semiconductors
STN,Engineering & Construction
STNG,Oil & Gas Midstream
STR,Oil & Gas E&P
STRW,REIT - Healthcare Facilities
STT,Asset Management
STT-PD,Asset Management
STT-PG,Asset Management
STVN,Medical Instruments & Supplies
STWD,REIT - Mortgage
STXS,Medical Instruments & Supplies
STXT,
STZ,Beverages - Wineries & Distilleries
SU,Oil & Gas Integrated
SUAC,Shell Companies
SUI,REIT - Residential
SUM,Building Materials
SUN,Oil & Gas Refining & Marketing
SUNL,Credit Services
SUP,Auto Parts
SUPV,Banks - Regional
SURE,
SUZ,Paper & Paper Products
SVM,Silver
SVT,Electrical Equipment & Parts
SVV,Specialty Retail
SWI,Software - Infrastructure
SWK,Tools & Accessories
SWN,Oil & Gas E&P
SWX,Utilities - Regulated Gas
SXC,Coking Coal
SXI,Specialty Industrial Machinery
SXT,Specialty Chemicals
SYF,Credit Services
SYF-PA,Credit Services
SYK,Medical Devices
SYY,Food Distribution
T,Telecom Services
T-PA,Telecom Services
T-PC,Telecom Services
TAC,Utilities - Independent Power Producers
TAGG,
TAK,Drug Manufacturers - Specialty & Generic
TAL,Education & Training Services
TALO,Oil & Gas E&P
TAP,Beverages - Brewers
TAP-A,Beverages - Brewers
TARO,Drug Manufacturers - Specialty & Generic
TBB,
TBC,Telecommunications Services
TBI,Staffing & Employment Services
TCAF,
TCI,Real Estate Services
TCN,Real Estate Services
TCOA,Shell Companies
TCS,Specialty Retail
TD,Banks - Diversified
TDC,Software - Infrastructure
TDCX,Specialty Business Services
TDG,Aerospace & Defense
TDOC,Health Information Services
TDS,Telecom Services
TDS-PU,
TDW,Oil & Gas Equipment & Services
TDY,Scientific & Technical Instruments
TECK,Other Industrial Metals & Mining
TEF,Telecom Services
TEL,Electronic Components
TELL,Oil & Gas E&P
TELZ,
TEO,Telecom Services
TEVA,Drug Manufacturers - Specialty & Generic
TEX,Farm & Heavy Construction Machinery
TFC,Banks - Regional
TFC-PI,Banks - Regional
TFII,Trucking
TFPM,Other Precious Metals & Mining
TFPN,
TFSA,
TFX,Medical Instruments & Supplies
TG,Metal Fabrication
TGB,Copper
TGH,Rental & Leasing Services
TGH-P-A,
TGI,Aerospace & Defense
TGLS,Building Materials
TGNA,Broadcasting
TGRT,
TGS,Oil & Gas Integrated
TGT,Discount Stores
THC,Medical Care Facilities
THG,Insurance - Property & Casualty
THM,Gold
THO,Recreational Vehicles
THR,Specialty Industrial Machinery
THS,Packaged Foods
TIMB,Telecom Services
TISI,Specialty Business Services
TIXT,Software - Infrastructure
TJX,Apparel Retail
TK,Oil & Gas Midstream
TKC,Telecom Services
TKO,Entertainment
TKR,Tools & Accessories
TLK,Telecom Services
TLYS,Apparel Retail
TM,Auto Manufacturers
TMBR,Biotechnology
TME,Internet Content & Information
TMHC,Residential Construction
TMO,Diagnostics & Research
TMP,Banks - Regional
TMQ,Other Industrial Metals & Mining
TMSL,
TMST,Steel
TNC,Specialty Industrial Machinery
TNET,Staffing & Employment Services
TNK,Oil & Gas Midstream
TNL,Travel Services
TNP,Oil & Gas Midstream
TNP-PE,Oil & Gas Midstream
TNP-PF,Oil & Gas Midstream
TOL,Residential Construction
TOON,Entertainment
TOST,Software - Infrastructure
TOUS,
TOVX,Biotechnology
TPB,Tobacco
TPC,Engineering & Construction
TPET,Oil & Gas E&P
TPH,Residential Construction
TPHS,Real Estate - Development
TPL,Oil & Gas E&P
TPR,Luxury Goods
TPTA,
TPVG,Asset Management
TPX,"Furnishings, Fixtures & Appliances"
TR,Confectioners
TRAK,Software - Application
TRC,Conglomerates
TREX,Building Products & Equipment
TRFK,
TRGP,Oil & Gas Midstream
TRI,Specialty Business Services
TRIS,Shell Companies
TRN,Railroads
TRNO,REIT - Industrial
TROX,Chemicals
TRP,Oil & Gas Midstream
TRT,Semiconductor Equipment & Materials
TRTL,Shell Companies
TRTN-PA,
TRTN-PB,
TRTN-PC,
TRTN-PD,
TRTX,REIT - Mortgage
TRTX-PC,REIT - Mortgage
TRU,Consulting Services
TRV,Insurance - Property & Casualty
TRX,Gold
TS,Oil & Gas Equipment & Services
TSE,Specialty Chemicals
TSLX,Asset Management
TSM,Semiconductors
TSN,Farm Products
TSQ,Advertising Agencies
TT,Building Products & Equipment
TTC,Tools & Accessories
TTE,Oil & Gas Integrated
TTI,Oil & Gas Equipment & Services
TU,Telecom Services
TUNE,
TUP,Packaging & Containers
TUYA,Software - Infrastructure
TV,Telecom Services
TVAL,
TVC,Electrical Utilities & IPPs
TVE,Electrical Utilities & IPPs
TWI,Farm & Heavy Construction Machinery
TWLO,Internet Content & Information
TWO,REIT - Mortgage
TWO-PA, REIT - Mortgage
TWO-PB, REIT - Mortgage
TWO-PC,REIT - Mortgage
TWOA,Shell Companies
TX,Steel
TXO,Oil & Gas E&P
TXS,
TXT,Aerospace & Defense
TY,Asset Management
TY-P,Other
TYG,Asset Management
TYL,Software - Application
U,Software - Application
UA,Apparel Manufacturing
UAA,Apparel Manufacturing
UAMY,Other Industrial Metals & Mining
UAN,Agricultural Inputs
UAVS,Computer Hardware
UBER,Software - Application
UBS,Banks - Diversified
UDR,REIT - Residential
UE,REIT - Retail
UEC,Uranium
UFAB,Auto Parts
UFI,Textile Manufacturing
UGI,Utilities - Regulated Gas
UGP,Oil & Gas Refining & Marketing
UHAL,Rental & Leasing Services
UHAL-B,Rental & Leasing Services
UHS,Medical Care Facilities
UHT,REIT - Healthcare Facilities
UI,Communication Equipment
UIS,Information Technology Services
UL,Household & Personal Products
UMC,Semiconductors
UMH,REIT - Residential
UMH-PD,REIT - Residential
UNF,Specialty Business Services
UNFI,Food Distribution
UNH,Healthcare Plans
UNM,Insurance - Life
UNMA,
UNP,Railroads
UP,Airports & Air Services
UPH,Health Information Services
UPHL,Health Information Services
UPS,Integrated Freight & Logistics
URG,Uranium
URI,Rental & Leasing Services
USAC,Oil & Gas Equipment & Services
USAS,Other Industrial Metals & Mining
USB,Banks - Regional
USB-PA,Other
USB-PH,Banks - Regional
USB-PP,Banks - Regional
USB-PQ,Banks - Regional
USB-PR,Banks - Regional
USB-PS,
USDP,Railroads
USFD,Food Distribution
USM,Telecom Services
USNA,Packaged Foods
USPH,Medical Care Facilities
USSE,
UTI,Education & Training Services
UTL,Utilities - Diversified
UTZ,Packaged Foods
UUU,Security & Protection Services
UUUU,Uranium
UVE,Insurance - Property & Casualty
UVV,Tobacco
UWMC,Mortgage Finance
UZD,
UZE,
UZF,
V,Credit Services
VAC,Resorts & Casinos
VAL,Oil & Gas Equipment & Services
VAL-WT,
VALE,Other Industrial Metals & Mining
VAPO,Medical Devices
VATE,Engineering & Construction
VCV,Asset Management
VCXB,Shell Companies
VDNI,
VEEV,Health Information Services
VEL,Mortgage Finance
VET,Oil & Gas E&P
VFC,Apparel Manufacturing
VFL,Asset Management
VGM,Asset Management
VGR,Tobacco
VGZ,Gold
VHAQ,Shell Companies
VHAQ-RT,
VHC,Software - Infrastructure
VHI,Chemicals
VIAO,Electronic Components
VICI,REIT - Diversified
VINE,Beverages - Wineries & Distilleries
VIPS,Internet Retail
VIST,Oil & Gas E&P
VIV,Telecom Services
VKI,Asset Management
VKQ,Asset Management
VLD,Computer Hardware
VLD-WT,
VLN,Semiconductors
VLO,Oil & Gas Refining & Marketing
VLRS,Airlines
VLT,Asset Management
VLTO,Pollution & Treatment Controls
VLTO-WI,
VMC,Building Materials
VMI,Conglomerates
VMO,Asset Management
VNCE,Apparel Manufacturing
VNO,REIT - Office
VNO-PL,REIT - Office
VNO-PM,REIT - Office
VNO-PN,
VNRX,Diagnostics & Research
VNT,Scientific & Technical Instruments
VOC,Oil & Gas E&P
VOYA,Financial Conglomerates
VOYA-PB,Financial Conglomerates
VPG,Scientific & Technical Instruments
VPV,Asset Management
VRE,REIT - Residential
VRT,Electrical Equipment & Parts
VSCO,Apparel Retail
VSH,Semiconductors
VST,Utilities - Independent Power Producers
VSTO,Leisure
VSTS,Rental & Leasing Services
VSTS-WI,
VTAK,Medical Devices
VTEX,Software - Application
VTLE,Oil & Gas E&P
VTMX,Real Estate - Development
VTN,Asset Management
VTOL,Oil & Gas Equipment & Services
VTR,REIT - Healthcare Facilities
VTS,Oil & Gas E&P
VVI,Specialty Business Services
VVV,Oil & Gas Refining & Marketing
VVX,Aerospace & Defense
VWI,
VYX,Information Technology Services
VZ,Telecom Services
VZIO,Consumer Electronics
VZLA,Other Industrial Metals & Mining
W,Internet Retail
WAB,Railroads
WAL,Banks - Regional
WAT,Diagnostics & Research
WBS,Banks - Regional
WBS-PF,Banks - Regional
WBS-PG,
WBX,Electronic Components
WCC,Industrial Distribution
WCC-PA,Industrial Distribution
WCN,Waste Management
WD,Mortgage Finance
WDH,Insurance - Diversified
WDI,
WDS,Oil & Gas E&P
WEAV,Software - Application
WEC,Utilities - Regulated Electric
WEL,Shell Companies
WEL-UN,Shell Companies
WELL,REIT - Healthcare Facilities
WES,Oil & Gas Midstream
WEX,Software - Infrastructure
WF,Banks - Regional
WFC,Banks - Diversified
WFC-PA,Banks - Diversified
WFC-PC,Banks - Diversified
WFC-PL,Banks - Diversified
WFC-PR,Banks - Diversified
WFC-PY,Banks - Diversified
WFC-PZ,Banks - Diversified
WFG,Lumber & Wood Production
WGO,Recreational Vehicles
WH,Lodging
WHD,Oil & Gas Equipment & Services
WHG,Asset Management
WHR,"Furnishings, Fixtures & Appliances"
WIT,Information Technology Services
WK,Software - Application
WKC,Oil & Gas Refining & Marketing
WLK,Specialty Chemicals
WLKP,Chemicals
WLY,Publishing
WLYB,Publishing
WM,Waste Management
WMB,Oil & Gas Midstream
WMC,REIT - Mortgage
WMK,Grocery Stores
WMS,Building Products & Equipment
WMT,Discount Stores
WNC,Farm & Heavy Construction Machinery
WNNR,Shell Companies
WNNR-UN,Shell Companies
WNS,Information Technology Services
WOLF,Semiconductors
WOR,Metal Fabrication
WOW,Telecom Services
WPC,REIT - Diversified
WPM,Gold
WPP,Advertising Agencies
WRAC,Shell Companies
WRB,Insurance - Property & Casualty
WRB-PE,Other
WRB-PF,
WRB-PG,
WRB-PH,
WRBY,Medical Instruments & Supplies
WRK,Packaging & Containers
WRN,Other Industrial Metals & Mining
WS,Steel
WSM,Specialty Retail
WSO,Industrial Distribution
WSO-B,Industrial Distribution
WSR,REIT - Retail
WST,Medical Instruments & Supplies
WT,Asset Management
WTI,Oil & Gas E&P
WTM,Insurance - Property & Casualty
WTRG,Utilities - Regulated Water
WTS,Specialty Industrial Machinery
WTTR,Specialty Chemicals
WU,Credit Services
WUCT,
WWR,Other Industrial Metals & Mining
WWW,Footwear & Accessories
WY,REIT - Specialty
WYY,Information Technology Services
X,Steel
XFLT,
XFLT-PA,
XFLX,
XHR,REIT - Hotel & Motel
XIN,Real Estate - Development
XOM,Oil & Gas Integrated
XPER,Software - Application
XPEV,Auto Manufacturers
XPL,Other Industrial Metals & Mining
XPO,Trucking
XPOF,Leisure
XPRO,Oil & Gas Equipment & Services
XRLX,
XTNT,Medical Devices
XXXX,
XYF,Credit Services
XYL,Specialty Industrial Machinery
YALA,Software - Application
YCBD,Drug Manufacturers - Specialty & Generic
YCBD-PA,
YELP,Internet Content & Information
YETI,Leisure
YEXT,Software - Infrastructure
YMM,Software - Application
YOU,Software - Application
YPF,Oil & Gas Integrated
YRD,Credit Services
YSG,Household & Personal Products
YUM,Restaurants
YUMC,Restaurants
ZBH,Medical Devices
ZDGE,Internet Content & Information
ZEPP,Consumer Electronics
ZETA,Software - Application
ZGN,Apparel Manufacturing
ZH,Internet Content & Information
ZIM,Marine Shipping
ZIP,Staffing & Employment Services
ZKH,Internet Retail
ZOM,Drug Manufacturers - Specialty & Generic
ZTAX,
ZTO,Integrated Freight & Logistics
ZTS,Drug Manufacturers - Specialty & Generic
ZUO,Software - Infrastructure
ZVIA,Beverages - Non-Alcoholic
ZWS,Pollution & Treatment Controls
